<!--
Copyright Louis Dionne 2013-2022
Distributed under the Boost Software License, Version 1.0.
(See accompanying file LICENSE.md or copy at http://boost.org/LICENSE_1_0.txt)
-->

<doxygenlayout version="1.0">
  <!-- Generated by doxygen 1.8.7 -->
  <!-- Navigation index tabs for HTML output -->
  <navindex>
    <tab type="mainpage" visible="yes" title=""/>
    <tab type="modules" visible="yes"
                        title="Reference documentation"
                        intro="
The reference documentation is split into logical modules, as documented in
the user manual."/>

    <tab type="user" visible="yes" url="functions.html" title="Alphabetical index"/>
    <!-- The intro of "classmembers" controls what appears on the functions.html
         page, which we're using as our index. So it's basically controlling the
         intro of our "Index".
    -->
    <tab type="classmembers" visible="no" title="" intro="
Alphabetical index of everything provided in the library."/>

    <tab type="filelist" visible="yes" title="Headers" intro="
This is a list of all the headers provided by the library."/>

    <tab type="pages" visible="yes" title="" intro=""/>

    <!-- We don't use what's below -->
    <tab type="namespaces" visible="no" title="">
      <tab type="namespacelist" visible="no" title="" intro=""/>
      <tab type="namespacemembers" visible="no" title="" intro=""/>
    </tab>

    <tab type="examples" visible="no" title="" intro=""/>

    <tab type="classes" visible="no" title="">
      <tab type="classlist" visible="no" title="" intro=""/>
      <tab type="classindex" visible="no" title=""/>
      <tab type="hierarchy" visible="no" title="" intro=""/>
    </tab>

    <tab type="files" visible="no" title="">
      <tab type="globals" visible="no" title="" intro=""/>
    </tab>
  </navindex>

  <!-- Layout definition for a class page -->
  <class>
    <briefdescription visible="no"/>
    <detaileddescription title="Description"/>

    <includes visible="$SHOW_INCLUDE_FILES"/>
    <inheritancegraph visible="$CLASS_GRAPH"/>
    <collaborationgraph visible="$COLLABORATION_GRAPH"/>
    <memberdecl>
      <related title="Synopsis of associated functions" subtitle=" "/>
      <nestedclasses visible="no" title=""/>
      <friends title=""/>
      <membergroups visible="yes"/>

      <!-- We don't use what's below -->
      <publictypes title=""/>
      <services title=""/>
      <interfaces title=""/>
      <publicslots title=""/>
      <signals title=""/>
      <publicmethods title=""/>
      <publicstaticmethods title=""/>
      <publicattributes title=""/>
      <publicstaticattributes title=""/>
      <protectedtypes title=""/>
      <protectedslots title=""/>
      <protectedmethods title=""/>
      <protectedstaticmethods title=""/>
      <protectedattributes title=""/>
      <protectedstaticattributes title=""/>
      <packagetypes title=""/>
      <packagemethods title=""/>
      <packagestaticmethods title=""/>
      <packageattributes title=""/>
      <packagestaticattributes title=""/>
      <properties title=""/>
      <events title=""/>
      <privatetypes title=""/>
      <privateslots title=""/>
      <privatemethods title=""/>
      <privatestaticmethods title=""/>
      <privateattributes title=""/>
      <privatestaticattributes title=""/>
    </memberdecl>
    <memberdef>
      <related title="Associated functions"/>
      <functions title=""/>
      <variables title=""/>
      <inlineclasses title=""/>
      <typedefs title=""/>
      <enums title=""/>

      <!-- This is not for C++ -->
      <services title=""/>
      <interfaces title=""/>
      <constructors title=""/>
      <properties title=""/>
      <events title=""/>
    </memberdef>
    <allmemberslink visible="yes"/>
    <usedfiles visible="$SHOW_USED_FILES"/>
    <authorsection visible="yes"/>
  </class>

  <!-- Layout definition for a namespace page -->
  <namespace>
    <briefdescription visible="yes"/>
    <memberdecl>
      <nestednamespaces visible="yes" title=""/>
      <constantgroups visible="yes" title=""/>
      <classes visible="yes" title=""/>
      <typedefs title=""/>
      <enums title=""/>
      <functions title=""/>
      <variables title=""/>
      <membergroups visible="yes"/>
    </memberdecl>
    <detaileddescription title=""/>
    <memberdef>
      <inlineclasses title=""/>
      <typedefs title=""/>
      <enums title=""/>
      <functions title=""/>
      <variables title=""/>
    </memberdef>
    <authorsection visible="yes"/>
  </namespace>

  <!-- Layout definition for a file page -->
  <file>
    <briefdescription visible="yes"/>
    <includes visible="$SHOW_INCLUDE_FILES"/>
    <includegraph visible="$INCLUDE_GRAPH"/>
    <includedbygraph visible="$INCLUDED_BY_GRAPH"/>
    <sourcelink visible="yes"/>
    <memberdecl>
      <classes visible="yes" title=""/>
      <namespaces visible="yes" title=""/>
      <constantgroups visible="yes" title=""/>
      <defines title=""/>
      <typedefs title=""/>
      <enums title=""/>
      <functions title=""/>
      <variables title=""/>
      <membergroups visible="yes"/>
    </memberdecl>
    <detaileddescription title=""/>
    <memberdef>
      <inlineclasses title=""/>
      <defines title=""/>
      <typedefs title=""/>
      <enums title=""/>
      <functions title=""/>
      <variables title=""/>
    </memberdef>
    <authorsection/>
  </file>

  <!-- Layout definition for a group page -->
  <group>
    <briefdescription visible="no"/>
    <detaileddescription title="Description"/>

    <groupgraph visible="$GROUP_GRAPHS"/>
    <memberdecl>
      <nestedgroups visible="yes" title=""/>
      <dirs visible="yes" title=""/>
      <files visible="yes" title=""/>
      <namespaces visible="yes" title=""/>
      <classes visible="yes" title=""/>
      <defines title=""/>
      <typedefs title=""/>
      <enums title=""/>
      <enumvalues title=""/>
      <functions title=""/>
      <variables title=""/>
      <signals title=""/>
      <publicslots title=""/>
      <protectedslots title=""/>
      <privateslots title=""/>
      <events title=""/>
      <properties title=""/>
      <friends title=""/>
      <membergroups visible="yes"/>
    </memberdecl>
    <memberdef>
      <pagedocs/>
      <inlineclasses title=""/>
      <defines title=""/>
      <typedefs title=""/>
      <enums title=""/>
      <enumvalues title=""/>
      <functions title=""/>
      <variables title=""/>
      <signals title=""/>
      <publicslots title=""/>
      <protectedslots title=""/>
      <privateslots title=""/>
      <events title=""/>
      <properties title=""/>
      <friends title=""/>
    </memberdef>
    <authorsection visible="yes"/>
  </group>

  <!-- Layout definition for a directory page -->
  <directory>
    <briefdescription visible="yes"/>
    <directorygraph visible="yes"/>
    <memberdecl>
      <dirs visible="yes"/>
      <files visible="yes"/>
    </memberdecl>
    <detaileddescription title=""/>
  </directory>
</doxygenlayout>
